prv_id,cand_id,vote_count
0,0,1761
0,1,11124
0,2,1826
0,3,2405
0,4,29688
0,5,2867
0,6,30395
0,7,21190
0,8,23856
0,9,2215
0,10,3639
0,11,2013
0,12,3077
0,13,3007
0,14,2978
0,15,2778
0,16,2103
0,17,4159
0,18,4190
0,19,4397
0,20,42343
0,21,40574
0,22,22801
0,23,10531
0,24,21428
0,25,31790
0,26,28351
0,27,117620
0,28,130537
0,29,81880
0,30,76429
0,31,53952
0,32,57241
0,33,3156
0,34,8590
0,35,12913
0,36,16075
0,37,5563
0,38,4041
0,39,2873
0,40,2063
0,41,2503
0,42,13123
0,43,4354
0,44,3539
0,45,1674
0,46,1959
0,47,2001
0,48,3017
0,49,2137
0,50,19015
0,51,9120
0,52,19669
0,53,2740
0,54,42280
0,55,6092
0,56,4462
0,57,1505
0,58,3951
0,59,895
0,60,66015
0,61,7157
0,62,3195
0,63,47621
0,64,54907
0,65,27188
1,0,2359
1,1,18649
1,2,2750
1,3,3331
1,4,64115
1,5,2951
1,6,30427
1,7,31078
1,8,59530
1,9,3389
1,10,7237
1,11,2986
1,12,5836
1,13,5732
1,14,4772
1,15,3824
1,16,3253
1,17,6542
1,18,16702
1,19,11465
1,20,84854
1,21,79051
1,22,53575
1,23,21735
1,24,26476
1,25,49984
1,26,47254
1,27,223648
1,28,247024
1,29,106894
1,30,134427
1,31,92679
1,32,115685
1,33,5840
1,34,15967
1,35,36108
1,36,18074
1,37,12634
1,38,9788
1,39,4005
1,40,2513
1,41,3666
1,42,38886
1,43,7850
1,44,55228
1,45,2209
1,46,3260
1,47,3088
1,48,5006
1,49,3262
1,50,33204
1,51,15488
1,52,25775
1,53,4228
1,54,57680
1,55,17410
1,56,6091
1,57,2130
1,58,7026
1,59,1477
1,60,148208
1,61,17688
1,62,4429
1,63,64225
1,64,118535
1,65,27491
2,0,2845
2,1,23862
2,2,3183
2,3,3184
2,4,49847
2,5,3071
2,6,59712
2,7,47015
2,8,44534
2,9,3696
2,10,5131
2,11,3024
2,12,4652
2,13,4727
2,14,4957
2,15,3774
2,16,2978
2,17,5042
2,18,13576
2,19,6253
2,20,58834
2,21,57042
2,22,44868
2,23,19610
2,24,40286
2,25,57550
2,26,49839
2,27,209665
2,28,233548
2,29,126865
2,30,124153
2,31,89099
2,32,101420
2,33,5104
2,34,29556
2,35,38098
2,36,36564
2,37,7608
2,38,5820
2,39,4297
2,40,3563
2,41,7246
2,42,29722
2,43,5978
2,44,10643
2,45,2521
2,46,3243
2,47,3170
2,48,5111
2,49,3285
2,50,37675
2,51,22345
2,52,43747
2,53,4560
2,54,61427
2,55,7374
2,56,4889
2,57,2831
2,58,6302
2,59,1835
2,60,119147
2,61,11376
2,62,5360
2,63,70959
2,64,83233
2,65,38532
3,0,2270
3,1,10147
3,2,2071
3,3,2253
3,4,40926
3,5,2411
3,6,54721
3,7,70533
3,8,35073
3,9,2763
3,10,2662
3,11,2225
3,12,2445
3,13,2216
3,14,3250
3,15,3365
3,16,2760
3,17,3345
3,18,6357
3,19,3558
3,20,90225
3,21,86161
3,22,45766
3,23,7284
3,24,39561
3,25,55506
3,26,54354
3,27,181298
3,28,217475
3,29,102386
3,30,95763
3,31,55663
3,32,94373
3,33,4276
3,34,28696
3,35,50704
3,36,41582
3,37,5724
3,38,3757
3,39,4157
3,40,3196
3,41,6483
3,42,13301
3,43,4228
3,44,7404
3,45,1947
3,46,2458
3,47,2458
3,48,3825
3,49,2725
3,50,37645
3,51,14964
3,52,31030
3,53,3269
3,54,31897
3,55,6084
3,56,4363
3,57,2347
3,58,3911
3,59,1446
3,60,118767
3,61,7946
3,62,6354
3,63,47841
3,64,58491
3,65,30406
4,0,815
4,1,2911
4,2,952
4,3,743
4,4,11258
4,5,761
4,6,8319
4,7,5433
4,8,10099
4,9,811
4,10,854
4,11,1000
4,12,752
4,13,672
4,14,721
4,15,900
4,16,842
4,17,771
4,18,2229
4,19,964
4,20,7714
4,21,8135
4,22,5489
4,23,2713
4,24,5355
4,25,9302
4,26,5969
4,27,45551
4,28,45351
4,29,35127
4,30,33959
4,31,26439
4,32,28551
4,33,1187
4,34,3707
4,35,2517
4,36,5273
4,37,1249
4,38,1126
4,39,1040
4,40,684
4,41,1468
4,42,3699
4,43,1273
4,44,2300
4,45,546
4,46,777
4,47,1314
4,48,1072
4,49,857
4,50,3335
4,51,3068
4,52,4669
4,53,1355
4,54,18623
4,55,2534
4,56,896
4,57,510
4,58,1434
4,59,326
4,60,26659
4,61,2099
4,62,1021
4,63,22984
4,64,22448
4,65,5488
5,0,3108
5,1,8633
5,2,1872
5,3,2307
5,4,18318
5,5,2423
5,6,20021
5,7,21291
5,8,15565
5,9,2522
5,10,2902
5,11,2202
5,12,1908
5,13,1888
5,14,2146
5,15,2768
5,16,2418
5,17,2742
5,18,1981
5,19,3846
5,20,38107
5,21,39051
5,22,13763
5,23,6890
5,24,12547
5,25,28461
5,26,32095
5,27,87449
5,28,96005
5,29,64409
5,30,60484
5,31,48277
5,32,38841
5,33,3204
5,34,21966
5,35,15155
5,36,20549
5,37,3481
5,38,3312
5,39,3253
5,40,2157
5,41,2123
5,42,21804
5,43,2903
5,44,2840
5,45,1937
5,46,2135
5,47,2398
5,48,2926
5,49,2259
5,50,10522
5,51,4517
5,52,15628
5,53,3636
5,54,24984
5,55,5644
5,56,3108
5,57,1602
5,58,3378
5,59,1136
5,60,51023
5,61,5022
5,62,3320
5,63,28805
5,64,44829
5,65,14844
6,0,1087
6,1,11890
6,2,752
6,3,1584
6,4,28950
6,5,1060
6,6,89452
6,7,75853
6,8,23522
6,9,1513
6,10,4095
6,11,1395
6,12,4663
6,13,4376
6,14,4215
6,15,1276
6,16,1070
6,17,4188
6,18,850
6,19,4608
6,20,89395
6,21,71606
6,22,28067
6,23,10184
6,24,36067
6,25,29597
6,26,76279
6,27,21191
6,28,32939
6,29,8619
6,30,5622
6,31,2666
6,32,3556
6,33,1657
6,34,16673
6,35,87755
6,36,63867
6,37,7659
6,38,4234
6,39,1252
6,40,1222
6,41,1611
6,42,11628
6,43,3681
6,44,501
6,45,843
6,46,1142
6,47,760
6,48,1817
6,49,1022
6,50,76657
6,51,17157
6,52,30791
6,53,1570
6,54,2584
6,55,477
6,56,3076
6,57,949
6,58,2935
6,59,641
6,60,32804
6,61,12076
6,62,1413
6,63,3230
6,64,8520
6,65,19786
7,0,544
7,1,5265
7,2,443
7,3,1377
7,4,18340
7,5,743
7,6,29119
7,7,22461
7,8,13196
7,9,825
7,10,2021
7,11,870
7,12,2243
7,13,2011
7,14,2471
7,15,818
7,16,879
7,17,2088
7,18,388
7,19,2473
7,20,32630
7,21,19762
7,22,18944
7,23,4701
7,24,21360
7,25,21146
7,26,19823
7,27,11901
7,28,29770
7,29,6214
7,30,2245
7,31,1239
7,32,1369
7,33,981
7,34,10504
7,35,16393
7,36,17119
7,37,3625
7,38,2075
7,39,827
7,40,1152
7,41,1105
7,42,6759
7,43,2041
7,44,321
7,45,582
7,46,921
7,47,531
7,48,1006
7,49,691
7,50,20063
7,51,7258
7,52,20938
7,53,889
7,54,1268
7,55,336
7,56,1539
7,57,825
7,58,1698
7,59,297
7,60,8010
7,61,5533
7,62,983
7,63,1125
7,64,2744
7,65,14039
8,0,3069
8,1,49251
8,2,1658
8,3,4809
8,4,111830
8,5,2135
8,6,151741
8,7,60276
8,8,88365
8,9,3969
8,10,18949
8,11,5544
8,12,25221
8,13,28976
8,14,22833
8,15,3585
8,16,3153
8,17,21413
8,18,3815
8,19,22061
8,20,116287
8,21,86399
8,22,106279
8,23,35784
8,24,117341
8,25,70008
8,26,66367
8,27,105518
8,28,146810
8,29,25970
8,30,35151
8,31,19559
8,32,27375
8,33,6743
8,34,57156
8,35,87690
8,36,59788
8,37,35810
8,38,20665
8,39,3270
8,40,2133
8,41,17309
8,42,60380
8,43,22567
8,44,1388
8,45,2970
8,46,4511
8,47,2127
8,48,5928
8,49,3375
8,50,139520
8,51,68595
8,52,100199
8,53,3007
8,54,17954
8,55,1858
8,56,13360
8,57,4002
8,58,14955
8,59,2298
8,60,84750
8,61,56511
8,62,4669
8,63,12127
8,64,36713
8,65,48587
9,0,1080
9,1,15226
9,2,956
9,3,2350
9,4,33553
9,5,1437
9,6,49603
9,7,31145
9,8,29116
9,9,1671
9,10,3186
9,11,1618
9,12,3940
9,13,4951
9,14,4464
9,15,1385
9,16,1362
9,17,3462
9,18,870
9,19,4338
9,20,41526
9,21,35699
9,22,34539
9,23,7578
9,24,31926
9,25,36309
9,26,36164
9,27,39177
9,28,49797
9,29,16401
9,30,10849
9,31,7059
9,32,8432
9,33,2237
9,34,26501
9,35,27283
9,36,35096
9,37,6352
9,38,3572
9,39,1672
9,40,1888
9,41,4127
9,42,17684
9,43,3962
9,44,614
9,45,1049
9,46,1812
9,47,1193
9,48,1675
9,49,1497
9,50,41231
9,51,20070
9,52,37718
9,53,1740
9,54,4988
9,55,697
9,56,2974
9,57,1994
9,58,2889
9,59,705
9,60,19832
9,61,10755
9,62,1941
9,63,4932
9,64,10118
9,65,22205
10,0,1451
10,1,14830
10,2,1321
10,3,3384
10,4,31248
10,5,1930
10,6,50765
10,7,30724
10,8,26360
10,9,2707
10,10,4955
10,11,2610
10,12,5387
10,13,5698
10,14,5983
10,15,2544
10,16,2287
10,17,5606
10,18,1881
10,19,5972
10,20,44700
10,21,31076
10,22,30957
10,23,9637
10,24,29566
10,25,32158
10,26,30523
10,27,40495
10,28,61067
10,29,18846
10,30,13853
10,31,8295
10,32,10962
10,33,2973
10,34,18523
10,35,22542
10,36,22894
10,37,7985
10,38,4545
10,39,2792
10,40,2261
10,41,13019
10,42,17628
10,43,4840
10,44,1017
10,45,1447
10,46,2506
10,47,1866
10,48,2578
10,49,1932
10,50,41331
10,51,19814
10,52,39688
10,53,2000
10,54,7237
10,55,931
10,56,3692
10,57,1936
10,58,3783
10,59,782
10,60,30054
10,61,12320
10,62,3067
10,63,6844
10,64,14132
10,65,22762
11,0,824
11,1,11190
11,2,665
11,3,2007
11,4,21738
11,5,1070
11,6,36046
11,7,18466
11,8,18735
11,9,1328
11,10,2355
11,11,1374
11,12,2971
11,13,3383
11,14,3871
11,15,1117
11,16,1485
11,17,2761
11,18,945
11,19,3203
11,20,36090
11,21,26607
11,22,23841
11,23,7066
11,24,22560
11,25,25328
11,26,19219
11,27,32581
11,28,46264
11,29,10950
11,30,9795
11,31,5801
11,32,8018
11,33,1678
11,34,16078
11,35,17306
11,36,19076
11,37,4609
11,38,2849
11,39,1259
11,40,1178
11,41,12618
11,42,11235
11,43,2759
11,44,407
11,45,743
11,46,1418
11,47,908
11,48,3526
11,49,1162
11,50,28106
11,51,13126
11,52,28678
11,53,1130
11,54,4592
11,55,527
11,56,2062
11,57,1542
11,58,2178
11,59,508
11,60,18122
11,61,8065
11,62,1620
11,63,4752
11,64,10834
11,65,17032
12,0,20083
12,1,384945
12,2,10856
12,3,24676
12,4,959653
12,5,11382
12,6,556591
12,7,277930
12,8,716430
12,9,29691
12,10,263814
12,11,44783
12,12,321954
12,13,353843
12,14,261050
12,15,36019
12,16,24077
12,17,286623
12,18,29953
12,19,277457
12,20,428696
12,21,356834
12,22,654564
12,23,198840
12,24,587700
12,25,321851
12,26,591654
12,27,585145
12,28,812818
12,29,198862
12,30,315285
12,31,182660
12,32,216160
12,33,42108
12,34,311242
12,35,436650
12,36,325721
12,37,436248
12,38,281752
12,39,24361
12,40,9185
12,41,19948
12,42,302068
12,43,282833
12,44,10002
12,45,27945
12,46,24868
12,47,14063
12,48,59144
12,49,21600
12,50,653273
12,51,506582
12,52,429231
12,53,17564
12,54,174976
12,55,14928
12,56,151005
12,57,25153
12,58,164382
12,59,12290
12,60,480665
12,61,563466
12,62,34446
12,63,127471
12,64,270345
12,65,207882
13,0,15089
13,1,223822
13,2,5264
13,3,12247
13,4,498146
13,5,5897
13,6,298785
13,7,155979
13,8,365357
13,9,14919
13,10,130499
13,11,22175
13,12,157556
13,13,177038
13,14,128549
13,15,16805
13,16,11484
13,17,142403
13,18,14577
13,19,135389
13,20,234607
13,21,161239
13,22,268250
13,23,88999
13,24,332389
13,25,183901
13,26,231396
13,27,290606
13,28,426562
13,29,99819
13,30,145492
13,31,78966
13,32,94678
13,33,19794
13,34,160762
13,35,244845
13,36,169714
13,37,219760
13,38,146926
13,39,10214
13,40,4959
13,41,7743
13,42,157379
13,43,133044
13,44,5082
13,45,13187
13,46,12610
13,47,5946
13,48,31300
13,49,9845
13,50,355054
13,51,275954
13,52,231286
13,53,8176
13,54,76255
13,55,7048
13,56,70178
13,57,14825
13,58,89630
13,59,5124
13,60,246027
13,61,285990
13,62,18227
13,63,57660
13,64,128250
13,65,110487
14,0,24475
14,1,402536
14,2,11519
14,3,28500
14,4,1174657
14,5,11715
14,6,629356
14,7,316865
14,8,864382
14,9,35125
14,10,322884
14,11,53660
14,12,402674
14,13,432981
14,14,327165
14,15,42374
14,16,27387
14,17,355940
14,18,35872
14,19,334565
14,20,484440
14,21,372434
14,22,589010
14,23,220039
14,24,716023
14,25,334271
14,26,478551
14,27,649947
14,28,940752
14,29,199598
14,30,316897
14,31,184836
14,32,223706
14,33,46796
14,34,316242
14,35,560049
14,36,340972
14,37,536662
14,38,360306
14,39,26514
14,40,9654
14,41,18251
14,42,334422
14,43,339724
14,44,9359
14,45,32856
14,46,29446
14,47,12945
14,48,65958
14,49,21166
14,50,728912
14,51,561548
14,52,492302
14,53,17014
14,54,183514
14,55,14537
14,56,179848
14,57,25500
14,58,194323
14,59,13568
14,60,589639
14,61,704635
14,62,36331
14,63,133161
14,64,301072
14,65,219079
15,0,19681
15,1,287191
15,2,6888
15,3,20640
15,4,662372
15,5,7929
15,6,443546
15,7,244558
15,8,471727
15,9,20127
15,10,178586
15,11,28956
15,12,201504
15,13,216130
15,14,156720
15,15,22905
15,16,15099
15,17,181203
15,18,16576
15,19,182685
15,20,328230
15,21,267871
15,22,386974
15,23,112973
15,24,461124
15,25,261930
15,26,295165
15,27,454131
15,28,692043
15,29,154061
15,30,213406
15,31,122125
15,32,145166
15,33,25122
15,34,215531
15,35,315060
15,36,243063
15,37,277679
15,38,186171
15,39,15434
15,40,7995
15,41,12125
15,42,198754
15,43,172290
15,44,4696
15,45,18485
15,46,17684
15,47,8627
15,48,41989
15,49,13334
15,50,453406
15,51,393560
15,52,351598
15,53,11512
15,54,121672
15,55,7211
15,56,97312
15,57,21218
15,58,114627
15,59,7454
15,60,378813
15,61,346923
15,62,161193
15,63,89356
15,64,188924
15,65,184897
16,0,19680
16,1,188717
16,2,13684
16,3,35704
16,4,674687
16,5,15965
16,6,613593
16,7,347596
16,8,480910
16,9,36409
16,10,82493
16,11,27741
16,12,92076
16,13,106529
16,14,98545
16,15,24840
16,16,20165
16,17,80981
16,18,15612
16,19,88444
16,20,317989
16,21,407095
16,22,458690
16,23,72797
16,24,427538
16,25,412382
16,26,410625
16,27,395872
16,28,597390
16,29,172938
16,30,148203
16,31,120169
16,32,93536
16,33,31457
16,34,231195
16,35,383548
16,36,405977
16,37,167324
16,38,94731
16,39,24261
16,40,17521
16,41,22002
16,42,146965
16,43,85905
16,44,9814
16,45,24082
16,46,22705
16,47,16346
16,48,31360
16,49,28837
16,50,514409
16,51,196995
16,52,422185
16,53,25311
16,54,79748
16,55,10802
16,56,57641
16,57,19920
16,58,52735
16,59,7924
16,60,254394
16,61,184716
16,62,29497
16,63,66252
16,64,119246
16,65,279245
17,0,8322
17,1,65508
17,2,6789
17,3,13706
17,4,207114
17,5,8547
17,6,223302
17,7,147091
17,8,146769
17,9,16904
17,10,24017
17,11,14310
17,12,24671
17,13,25128
17,14,27268
17,15,10177
17,16,7969
17,17,23218
17,18,6167
17,19,25441
17,20,152733
17,21,184250
17,22,159008
17,23,33608
17,24,133609
17,25,178063
17,26,148954
17,27,301968
17,28,354578
17,29,127236
17,30,124657
17,31,86524
17,32,90512
17,33,13511
17,34,76604
17,35,126980
17,36,189621
17,37,38979
17,38,26731
17,39,10491
17,40,10090
17,41,9016
17,42,58613
17,43,24824
17,44,3969
17,45,9008
17,46,10007
17,47,7765
17,48,13601
17,49,8655
17,50,154324
17,51,66527
17,52,173475
17,53,14768
17,54,59646
17,55,5140
17,56,20166
17,57,9891
17,58,20423
17,59,3991
17,60,169220
17,61,49405
17,62,15282
17,63,59554
17,64,95161
17,65,114258
18,0,1669
18,1,7708
18,2,518
18,3,904
18,4,22635
18,5,499
18,6,18243
18,7,11237
18,8,13323
18,9,915
18,10,2034
18,11,744
18,12,2275
18,13,2248
18,14,2283
18,15,795
18,16,501
18,17,1972
18,18,450
18,19,2136
18,20,15040
18,21,18405
18,22,13152
18,23,3601
18,24,11491
18,25,15323
18,26,9863
18,27,32549
18,28,43695
18,29,13991
18,30,14925
18,31,10893
18,32,11979
18,33,853
18,34,14272
18,35,16459
18,36,17272
18,37,3468
18,38,2226
18,39,626
18,40,687
18,41,696
18,42,5670
18,43,2267
18,44,306
18,45,528
18,46,853
18,47,570
18,48,1130
18,49,639
18,50,12847
18,51,4680
18,52,12800
18,53,842
18,54,5790
18,55,397
18,56,1513
18,57,534
18,58,1795
18,59,429
18,60,18038
18,61,4549
18,62,946
18,63,7147
18,64,11267
18,65,16114
19,0,555
19,1,20974
19,2,434
19,3,1088
19,4,28706
19,5,284
19,6,21575
19,7,7687
19,8,25913
19,9,1377
19,10,4904
19,11,1497
19,12,9230
19,13,10872
19,14,10441
19,15,1105
19,16,748
19,17,6919
19,18,1291
19,19,5855
19,20,23009
19,21,17727
19,22,19662
19,23,8847
19,24,22958
19,25,9132
19,26,12999
19,27,54440
19,28,58668
19,29,31993
19,30,41697
19,31,35804
19,32,37146
19,33,4496
19,34,10909
19,35,15968
19,36,14053
19,37,15350
19,38,8942
19,39,602
19,40,259
19,41,1587
19,42,26538
19,43,8590
19,44,214
19,45,1305
19,46,1101
19,47,428
19,48,1601
19,49,1546
19,50,25926
19,51,10774
19,52,15197
19,53,497
19,54,30184
19,55,617
19,56,3190
19,57,649
19,58,3155
19,59,721
19,60,51839
19,61,21322
19,62,1145
19,63,27644
19,64,38217
19,65,8623
20,0,170
20,1,5922
20,2,147
20,3,322
20,4,10551
20,5,99
20,6,5946
20,7,1947
20,8,9790
20,9,619
20,10,1932
20,11,781
20,12,4079
20,13,4550
20,14,4750
20,15,507
20,16,363
20,17,2872
20,18,628
20,19,2373
20,20,6320
20,21,5208
20,22,5948
20,23,2727
20,24,6935
20,25,2424
20,26,4140
20,27,14705
20,28,15652
20,29,8582
20,30,11336
20,31,9768
20,32,10147
20,33,1167
20,34,3736
20,35,5328
20,36,4087
20,37,6324
20,38,3800
20,39,199
20,40,70
20,41,441
20,42,7667
20,43,3412
20,44,58
20,45,689
20,46,317
20,47,119
20,48,522
20,49,546
20,50,8256
20,51,3704
20,52,4063
20,53,147
20,54,8264
20,55,200
20,56,1270
20,57,194
20,58,992
20,59,218
20,60,13978
20,61,8186
20,62,298
20,63,7660
20,64,10742
20,65,2127
21,0,391
21,1,19322
21,2,271
21,3,672
21,4,23113
21,5,200
21,6,17833
21,7,5906
21,8,19809
21,9,751
21,10,2871
21,11,920
21,12,6068
21,13,8246
21,14,7697
21,15,616
21,16,424
21,17,4650
21,18,826
21,19,3379
21,20,26191
21,21,20226
21,22,18914
21,23,12040
21,24,20884
21,25,7366
21,26,10451
21,27,59893
21,28,63288
21,29,34347
21,30,47254
21,31,39691
21,32,41807
21,33,4141
21,34,11079
21,35,14178
21,36,11019
21,37,11386
21,38,6633
21,39,453
21,40,179
21,41,1025
21,42,29842
21,43,5850
21,44,455
21,45,890
21,46,753
21,47,324
21,48,1154
21,49,923
21,50,24395
21,51,14934
21,52,12213
21,53,411
21,54,32476
21,55,775
21,56,1973
21,57,472
21,58,2319
21,59,523
21,60,57913
21,61,17445
21,62,1054
21,63,31426
21,64,43654
21,65,8235
22,0,114
22,1,3809
22,2,132
22,3,213
22,4,8991
22,5,56
22,6,3556
22,7,1103
22,8,8582
22,9,589
22,10,1800
22,11,798
22,12,3755
22,13,4436
22,14,4194
22,15,555
22,16,404
22,17,2889
22,18,692
22,19,2128
22,20,3994
22,21,3478
22,22,4515
22,23,2271
22,24,4681
22,25,1502
22,26,2942
22,27,8082
22,28,8599
22,29,4674
22,30,6437
22,31,5457
22,32,5740
22,33,807
22,34,2911
22,35,3954
22,36,2886
22,37,5174
22,38,3339
22,39,92
22,40,49
22,41,264
22,42,4834
22,43,3020
22,44,58
22,45,552
22,46,266
22,47,105
22,48,404
22,49,332
22,50,6306
22,51,2323
22,52,2221
22,53,124
22,54,4569
22,55,151
22,56,1110
22,57,148
22,58,737
22,59,189
22,60,7749
22,61,7021
22,62,246
22,63,4321
22,64,6251
22,65,1119
23,0,772
23,1,16078
23,2,622
23,3,1514
23,4,45319
23,5,835
23,6,49471
23,7,35828
23,8,33168
23,9,1186
23,10,5922
23,11,1365
23,12,6448
23,13,6890
23,14,5986
23,15,1438
23,16,959
23,17,6000
23,18,861
23,19,6613
23,20,34090
23,21,31512
23,22,38418
23,23,9097
23,24,39115
23,25,36498
23,26,32897
23,27,29410
23,28,45495
23,29,11563
23,30,8482
23,31,3975
23,32,4721
23,33,1935
23,34,21786
23,35,29381
23,36,28025
23,37,11160
23,38,6492
23,39,1289
23,40,1120
23,41,1415
23,42,14956
23,43,6077
23,44,507
23,45,888
23,46,1266
23,47,990
23,48,2084
23,49,877
23,50,40865
23,51,21347
23,52,36274
23,53,945
23,54,3900
23,55,492
23,56,3692
23,57,1171
23,58,4548
23,59,480
23,60,28522
23,61,17156
23,62,1434
23,63,2970
23,64,7797
23,65,22248
24,0,3796
24,1,70616
24,2,2769
24,3,6975
24,4,219118
24,5,3339
24,6,139290
24,7,150273
24,8,145208
24,9,5843
24,10,46404
24,11,8488
24,12,49773
24,13,51870
24,14,37287
24,15,6585
24,16,4385
24,17,45599
24,18,4279
24,19,47378
24,20,156196
24,21,150167
24,22,187442
24,23,22068
24,24,216553
24,25,153317
24,26,157575
24,27,173360
24,28,236230
24,29,47804
24,30,41927
24,31,21720
24,32,25794
24,33,22097
24,34,111528
24,35,177885
24,36,79620
24,37,71449
24,38,47010
24,39,5250
24,40,3272
24,41,4479
24,42,48691
24,43,43302
24,44,1973
24,45,5607
24,46,5380
24,47,2994
24,48,10566
24,49,3985
24,50,137426
24,51,95151
24,52,110461
24,53,4176
24,54,23663
24,55,2172
24,56,27053
24,57,4087
24,58,27393
24,59,2434
24,60,149595
24,61,94944
24,62,5839
24,63,17134
24,64,39022
24,65,60024
25,0,20219
25,1,351006
25,2,10742
25,3,26412
25,4,916505
25,5,15032
25,6,607958
25,7,369196
25,8,667591
25,9,25053
25,10,233340
25,11,36699
25,12,250585
25,13,269718
25,14,205833
25,15,31362
25,16,21581
25,17,229613
25,18,20257
25,19,251295
25,20,393517
25,21,306230
25,22,535605
25,23,128976
25,24,695576
25,25,435711
25,26,389088
25,27,524422
25,28,782966
25,29,211500
25,30,215426
25,31,119554
25,32,143169
25,33,31913
25,34,248378
25,35,447345
25,36,329464
25,37,343684
25,38,244616
25,39,24129
25,40,11845
25,41,21190
25,42,239458
25,43,216493
25,44,7705
25,45,23917
25,46,23539
25,47,13717
25,48,50049
25,49,17539
25,50,609716
25,51,521915
25,52,496769
25,53,16580
25,54,119587
25,55,9888
25,56,125459
25,57,25478
25,58,141584
25,59,9124
25,60,440779
25,61,470471
25,62,41517
25,63,88520
25,64,210795
25,65,270330
26,0,11278
26,1,181653
26,2,7412
26,3,17131
26,4,559982
26,5,10336
26,6,453418
26,7,395820
26,8,389074
26,9,15194
26,10,95785
26,11,17672
26,12,101620
26,13,106093
26,14,76715
26,15,17441
26,16,12331
26,17,94175
26,18,11254
26,19,102935
26,20,354510
26,21,270948
26,22,364747
26,23,71937
26,24,481037
26,25,412144
26,26,296649
26,27,313432
26,28,478648
26,29,120267
26,30,93826
26,31,50091
26,32,60581
26,33,17850
26,34,176177
26,35,384654
26,36,254637
26,37,151620
26,38,93161
26,39,15122
26,40,10973
26,41,13608
26,42,158714
26,43,85672
26,44,5686
26,45,12431
26,46,12042
26,47,8396
26,48,24951
26,49,12117
26,50,445179
26,51,295196
26,52,354118
26,53,11044
26,54,49703
26,55,5870
26,56,55533
26,57,14682
26,58,59340
26,59,5122
26,60,306266
26,61,217768
26,62,17492
26,63,43801
26,64,82659
26,65,311499
27,0,10537
27,1,202445
27,2,6791
27,3,16475
27,4,630331
27,5,8836
27,6,432488
27,7,302459
27,8,477668
27,9,15600
27,10,134856
27,11,20557
27,12,147518
27,13,150817
27,14,104705
27,15,21935
27,16,12045
27,17,133140
27,18,10471
27,19,145200
27,20,266746
27,21,302150
27,22,366300
27,23,53606
27,24,522515
27,25,645342
27,26,239939
27,27,388248
27,28,523485
27,29,128454
27,30,154968
27,31,77192
27,32,97015
27,33,27491
27,34,144402
27,35,307025
27,36,239655
27,37,209828
27,38,128306
27,39,13814
27,40,8176
27,41,13575
27,42,121699
27,43,131714
27,44,5267
27,45,15477
27,46,19387
27,47,8059
27,48,27909
27,49,12387
27,50,354412
27,51,279589
27,52,352214
27,53,11300
27,54,72548
27,55,6366
27,56,92939
27,57,17369
27,58,87030
27,59,5280
27,60,396913
27,61,281182
27,62,15424
27,63,63677
27,64,129287
27,65,198984
28,0,6144
28,1,100103
28,2,4288
28,3,10017
28,4,519376
28,5,6563
28,6,271948
28,7,203741
28,8,282524
28,9,9853
28,10,65262
28,11,12499
28,12,73248
28,13,75660
28,14,55127
28,15,9964
28,16,7599
28,17,67555
28,18,6429
28,19,70705
28,20,196083
28,21,181899
28,22,245371
28,23,36748
28,24,283990
28,25,273507
28,26,162620
28,27,175404
28,28,269456
28,29,52476
28,30,46020
28,31,23188
28,32,30150
28,33,11166
28,34,86804
28,35,189751
28,36,137093
28,37,112656
28,38,63900
28,39,8814
28,40,5707
28,41,8291
28,42,77905
28,43,62431
28,44,3494
28,45,9185
28,46,9200
28,47,5223
28,48,15301
28,49,7714
28,50,244467
28,51,161050
28,52,211692
28,53,6195
28,54,25439
28,55,3552
28,56,38609
28,57,8452
28,58,37808
28,59,3097
28,60,241371
28,61,152518
28,62,8773
28,63,20722
28,64,49153
28,65,114404
29,0,4331
29,1,78637
29,2,2893
29,3,7362
29,4,208858
29,5,4097
29,6,185805
29,7,111480
29,8,145043
29,9,6659
29,10,34544
29,11,6904
29,12,39564
29,13,42098
29,14,33307
29,15,8008
29,16,4696
29,17,35644
29,18,4276
29,19,37028
29,20,120007
29,21,115334
29,22,153179
29,23,29624
29,24,151996
29,25,138425
29,26,108709
29,27,111974
29,28,172967
29,29,39193
29,30,37118
29,31,18924
29,32,23393
29,33,8249
29,34,62897
29,35,114010
29,36,97824
29,37,57318
29,38,35585
29,39,6721
29,40,4097
29,41,5553
29,42,74284
29,43,33367
29,44,2941
29,45,5048
29,46,6154
29,47,3216
29,48,10499
29,49,4615
29,50,157431
29,51,95289
29,52,133523
29,53,4221
29,54,20926
29,55,2775
29,56,22553
29,57,4265
29,58,22360
29,59,1942
29,60,103368
29,61,76707
29,62,7532
29,63,15715
29,64,35859
29,65,71279
30,0,94
30,1,1579
30,2,54
30,3,156
30,4,4232
30,5,93
30,6,3936
30,7,1818
30,8,3589
30,9,98
30,10,337
30,11,107
30,12,499
30,13,641
30,14,642
30,15,92
30,16,68
30,17,390
30,18,57
30,19,338
30,20,2654
30,21,2107
30,22,3242
30,23,812
30,24,4146
30,25,1753
30,26,2957
30,27,1951
30,28,4676
30,29,599
30,30,629
30,31,332
30,32,451
30,33,194
30,34,2135
30,35,2641
30,36,1714
30,37,837
30,38,599
30,39,141
30,40,78
30,41,126
30,42,1211
30,43,440
30,44,29
30,45,82
30,46,109
30,47,66
30,48,140
30,49,106
30,50,3600
30,51,1373
30,52,2959
30,53,99
30,54,300
30,55,26
30,56,261
30,57,77
30,58,310
30,59,40
30,60,1120
30,61,1399
30,62,148
30,63,256
30,64,756
30,65,1666
31,0,4870
31,1,65913
31,2,3498
31,3,9632
31,4,200839
31,5,5600
31,6,242735
31,7,172601
31,8,160199
31,9,6787
31,10,33313
31,11,7416
31,12,36745
31,13,35006
31,14,31093
31,15,6598
31,16,7904
31,17,32470
31,18,4135
31,19,38849
31,20,253080
31,21,211338
31,22,178318
31,23,39634
31,24,190188
31,25,176248
31,26,179737
31,27,109093
31,28,212465
31,29,50432
31,30,26417
31,31,13250
31,32,16815
31,33,9347
31,34,80276
31,35,140144
31,36,109239
31,37,57765
31,38,36326
31,39,8120
31,40,5835
31,41,7826
31,42,80980
31,43,31109
31,44,2787
31,45,5364
31,46,6433
31,47,5303
31,48,9659
31,49,5573
31,50,209025
31,51,99501
31,52,181434
31,53,6242
31,54,15732
31,55,2734
31,56,22700
31,57,5907
31,58,23361
31,59,2424
31,60,86829
31,61,82295
31,62,8526
31,63,15025
31,64,32495
31,65,112426
32,0,9215
32,1,93232
32,2,5715
32,3,14106
32,4,341486
32,5,7656
32,6,358076
32,7,265447
32,8,245517
32,9,11743
32,10,53478
32,11,12969
32,12,59048
32,13,56224
32,14,45936
32,15,10541
32,16,8461
32,17,51264
32,18,6160
32,19,59580
32,20,313692
32,21,230909
32,22,250886
32,23,44353
32,24,274626
32,25,280551
32,26,291199
32,27,171906
32,28,314283
32,29,65099
32,30,46591
32,31,22870
32,32,27605
32,33,13222
32,34,142238
32,35,243444
32,36,205232
32,37,89560
32,38,52240
32,39,10395
32,40,9484
32,41,10626
32,42,104920
32,43,48058
32,44,3707
32,45,7998
32,46,10221
32,47,6013
32,48,15123
32,49,8467
32,50,288519
32,51,166144
32,52,264159
32,53,9897
32,54,24760
32,55,3977
32,56,35143
32,57,9437
32,58,53065
32,59,3607
32,60,177889
32,61,123900
32,62,10388
32,63,22522
32,64,49381
32,65,140218
33,0,2701
33,1,29552
33,2,1456
33,3,4186
33,4,81987
33,5,2403
33,6,107941
33,7,69668
33,8,64630
33,9,3139
33,10,10250
33,11,2659
33,12,12197
33,13,13651
33,14,12250
33,15,2742
33,16,2298
33,17,10299
33,18,1733
33,19,12300
33,20,90697
33,21,70167
33,22,85253
33,23,16438
33,24,80254
33,25,73506
33,26,73274
33,27,65046
33,28,130486
33,29,24943
33,30,17663
33,31,9627
33,32,12451
33,33,3734
33,34,37247
33,35,75798
33,36,56509
33,37,18715
33,38,11906
33,39,3001
33,40,3186
33,41,3565
33,42,37303
33,43,10706
33,44,990
33,45,2002
33,46,3608
33,47,1773
33,48,3972
33,49,3102
33,50,92335
33,51,53940
33,52,82629
33,53,2496
33,54,8395
33,55,1166
33,56,6900
33,57,2585
33,58,7703
33,59,1095
33,60,56590
33,61,26452
33,62,4668
33,63,7710
33,64,17599
33,65,47027
34,0,919
34,1,11764
34,2,618
34,3,1767
34,4,34406
34,5,1000
34,6,51771
34,7,34955
34,8,24667
34,9,1126
34,10,3940
34,11,1259
34,12,4473
34,13,4911
34,14,4167
34,15,1088
34,16,910
34,17,3903
34,18,576
34,19,4801
34,20,39559
34,21,27706
34,22,32204
34,23,4831
34,24,32410
34,25,31545
34,26,27685
34,27,25438
34,28,38721
34,29,10113
34,30,6204
34,31,3324
34,32,4194
34,33,1676
34,34,16585
34,35,35670
34,36,27844
34,37,6910
34,38,4122
34,39,1836
34,40,1271
34,41,1523
34,42,13872
34,43,3848
34,44,386
34,45,848
34,46,1572
34,47,705
34,48,1680
34,49,977
34,50,39725
34,51,21393
34,52,36021
34,53,1042
34,54,3114
34,55,431
34,56,2798
34,57,1193
34,58,3151
34,59,388
34,60,23338
34,61,10209
34,62,1330
34,63,2721
34,64,6396
34,65,21234
35,0,13078
35,1,255230
35,2,8589
35,3,25354
35,4,808399
35,5,11553
35,6,524872
35,7,313944
35,8,615895
35,9,20666
35,10,191017
35,11,26777
35,12,210704
35,13,217370
35,14,143994
35,15,21869
35,16,16695
35,17,192058
35,18,15635
35,19,193141
35,20,293395
35,21,332981
35,22,487123
35,23,96014
35,24,492830
35,25,414701
35,26,405446
35,27,369104
35,28,550299
35,29,146794
35,30,145377
35,31,79174
35,32,91657
35,33,25786
35,34,251665
35,35,358182
35,36,282414
35,37,292276
35,38,201909
35,39,19259
35,40,9379
35,41,14858
35,42,196495
35,43,180201
35,44,6756
35,45,16909
35,46,16990
35,47,10947
35,48,35347
35,49,15994
35,50,524542
35,51,477466
35,52,364829
35,53,14485
35,54,75452
35,55,7471
35,56,102840
35,57,20967
35,58,103450
35,59,8229
35,60,294922
35,61,429612
35,62,23122
35,63,59724
35,64,131207
35,65,230010
36,0,19097
36,1,372164
36,2,11035
36,3,27407
36,4,926675
36,5,12882
36,6,626500
36,7,669898
36,8,670792
36,9,28153
36,10,237488
36,11,41317
36,12,263233
36,13,283254
36,14,201168
36,15,30256
36,16,20833
36,17,241544
36,18,22482
36,19,242469
36,20,443584
36,21,339601
36,22,557642
36,23,161377
36,24,653599
36,25,405878
36,26,423642
36,27,592188
36,28,847318
36,29,208224
36,30,270109
36,31,162264
36,32,187185
36,33,38948
36,34,472284
36,35,447846
36,36,337886
36,37,363898
36,38,237224
36,39,22303
36,40,10897
36,41,18608
36,42,277885
36,43,233363
36,44,8100
36,45,24937
36,46,23597
36,47,13716
36,48,53255
36,49,18872
36,50,754097
36,51,608498
36,52,475266
36,53,16915
36,54,164533
36,55,11358
36,56,134488
36,57,28435
36,58,153531
36,59,10532
36,60,526558
36,61,481823
36,62,28809
36,63,113175
36,64,235621
36,65,252394
37,0,17384
37,1,319562
37,2,10260
37,3,25204
37,4,837893
37,5,11897
37,6,575626
37,7,339319
37,8,629777
37,9,28155
37,10,214015
37,11,34247
37,12,238649
37,13,262419
37,14,184423
37,15,29252
37,16,20276
37,17,224855
37,18,20571
37,19,216565
37,20,363369
37,21,333322
37,22,497232
37,23,121422
37,24,592534
37,25,381668
37,26,381700
37,27,471852
37,28,649430
37,29,170165
37,30,197601
37,31,112247
37,32,131110
37,33,32187
37,34,258051
37,35,389417
37,36,313206
37,37,329005
37,38,215818
37,39,20545
37,40,9790
37,41,17039
37,42,239841
37,43,210245
37,44,7073
37,45,22259
37,46,21282
37,47,11916
37,48,42583
37,49,16357
37,50,566288
37,51,524022
37,52,433385
37,53,15385
37,54,109504
37,55,9373
37,56,115410
37,57,20916
37,58,121563
37,59,8059
37,60,366015
37,61,442418
37,62,23955
37,63,81223
37,64,169854
37,65,245091
38,0,11918
38,1,163640
38,2,6473
38,3,16967
38,4,555406
38,5,9327
38,6,419304
38,7,271717
38,8,413114
38,9,14029
38,10,97213
38,11,16412
38,12,107520
38,13,121397
38,14,86001
38,15,14728
38,16,11476
38,17,96761
38,18,9255
38,19,104670
38,20,323442
38,21,240326
38,22,319488
38,23,60917
38,24,344213
38,25,316170
38,26,254038
38,27,231456
38,28,344824
38,29,104330
38,30,80957
38,31,41505
38,32,47552
38,33,18884
38,34,156468
38,35,259639
38,36,238291
38,37,173734
38,38,109447
38,39,14499
38,40,9333
38,41,11025
38,42,131202
38,43,91300
38,44,4548
38,45,16753
38,46,11538
38,47,7643
38,48,23198
38,49,9965
38,50,360404
38,51,373654
38,52,299641
38,53,11022
38,54,40392
38,55,5093
38,56,54736
38,57,12955
38,58,52471
38,59,4472
38,60,207494
38,61,333292
38,62,15073
38,63,32122
38,64,70775
38,65,201822
39,0,16648
39,1,256645
39,2,8128
39,3,22043
39,4,652428
39,5,9882
39,6,436024
39,7,303783
39,8,462234
39,9,20442
39,10,182244
39,11,27055
39,12,191591
39,13,204234
39,14,152971
39,15,23990
39,16,16012
39,17,172793
39,18,17237
39,19,169899
39,20,315902
39,21,279675
39,22,405078
39,23,119809
39,24,464571
39,25,288286
39,26,326095
39,27,410526
39,28,608637
39,29,143301
39,30,181736
39,31,104215
39,32,122255
39,33,27628
39,34,196054
39,35,329630
39,36,259201
39,37,252380
39,38,176898
39,39,18254
39,40,8917
39,41,14906
39,42,197334
39,43,164423
39,44,5844
39,45,19631
39,46,19415
39,47,10020
39,48,36289
39,49,14356
39,50,442136
39,51,350969
39,52,343614
39,53,12705
39,54,104867
39,55,8066
39,56,94450
39,57,16437
39,58,100454
39,59,7847
39,60,351549
39,61,332080
39,62,20605
39,63,76892
39,64,167790
39,65,187482
40,0,1119
40,1,18995
40,2,678
40,3,1976
40,4,56141
40,5,1000
40,6,53542
40,7,31596
40,8,46964
40,9,1756
40,10,8024
40,11,1621
40,12,9173
40,13,9600
40,14,8710
40,15,1533
40,16,1206
40,17,7952
40,18,893
40,19,8342
40,20,20404
40,21,27230
40,22,33350
40,23,6937
40,24,39390
40,25,34795
40,26,33812
40,27,26175
40,28,47258
40,29,10888
40,30,8002
40,31,4023
40,32,4634
40,33,1939
40,34,16024
40,35,30366
40,36,27081
40,37,19296
40,38,9560
40,39,1610
40,40,969
40,41,1343
40,42,13696
40,43,7267
40,44,553
40,45,1445
40,46,1424
40,47,1056
40,48,2475
40,49,1054
40,50,39068
40,51,39098
40,52,36549
40,53,1212
40,54,4422
40,55,556
40,56,5028
40,57,1672
40,58,4884
40,59,563
40,60,18104
40,61,29130
40,62,2424
40,63,3266
40,64,7848
40,65,25914
41,0,1911
41,1,29925
41,2,1328
41,3,3812
41,4,99237
41,5,2146
41,6,101749
41,7,88007
41,8,77048
41,9,2755
41,10,10806
41,11,2478
41,12,11738
41,13,12412
41,14,12476
41,15,2879
41,16,2184
41,17,10459
41,18,1660
41,19,11892
41,20,58082
41,21,54046
41,22,76090
41,23,11783
41,24,81418
41,25,82261
41,26,61937
41,27,62466
41,28,99743
41,29,31650
41,30,16420
41,31,8264
41,32,10158
41,33,3131
41,34,34287
41,35,51165
41,36,75757
41,37,21316
41,38,13036
41,39,2480
41,40,2693
41,41,2399
41,42,31795
41,43,9926
41,44,929
41,45,2192
41,46,3063
41,47,1693
41,48,3882
41,49,2202
41,50,85328
41,51,42784
41,52,73978
41,53,2282
41,54,7473
41,55,1138
41,56,6222
41,57,2418
41,58,6457
41,59,933
41,60,58298
41,61,28955
41,62,3499
41,63,6747
41,64,14074
41,65,63840
42,0,3383
42,1,58276
42,2,2256
42,3,6338
42,4,189981
42,5,3358
42,6,178224
42,7,124348
42,8,142039
42,9,4596
42,10,23487
42,11,4995
42,12,26885
42,13,29175
42,14,24945
42,15,4521
42,16,3958
42,17,23483
42,18,3029
42,19,25052
42,20,79573
42,21,98383
42,22,130390
42,23,24950
42,24,133163
42,25,135833
42,26,100366
42,27,110099
42,28,167252
42,29,47875
42,30,30721
42,31,16700
42,32,20212
42,33,5834
42,34,63298
42,35,83995
42,36,130600
42,37,43484
42,38,33605
42,39,4397
42,40,3431
42,41,4863
42,42,51047
42,43,22349
42,44,1857
42,45,3807
42,46,4427
42,47,2832
42,48,6968
42,49,3302
42,50,135270
42,51,93939
42,52,122094
42,53,3996
42,54,13708
42,55,1725
42,56,14149
42,57,5574
42,58,14030
42,59,1542
42,60,87755
42,61,66535
42,62,5135
42,63,12505
42,64,24784
42,65,103084
43,0,7270
43,1,76299
43,2,4441
43,3,9561
43,4,178803
43,5,6960
43,6,287805
43,7,176480
43,8,143651
43,9,9490
43,10,22154
43,11,6535
43,12,23444
43,13,24118
43,14,27355
43,15,8114
43,16,6299
43,17,21208
43,18,5155
43,19,25137
43,20,136662
43,21,173857
43,22,188581
43,23,43068
43,24,192137
43,25,223640
43,26,151653
43,27,175752
43,28,281083
43,29,81994
43,30,55636
43,31,29426
43,32,36734
43,33,10541
43,34,67134
43,35,98872
43,36,178967
43,37,42984
43,38,25808
43,39,8735
43,40,7018
43,41,12138
43,42,57352
43,43,23369
43,44,5413
43,45,6259
43,46,6848
43,47,5854
43,48,9613
43,49,6164
43,50,183310
43,51,69573
43,52,188952
43,53,9145
43,54,27387
43,55,6263
43,56,17137
43,57,7504
43,58,15808
43,59,2937
43,60,116173
43,61,60288
43,62,11961
43,63,24762
43,64,53936
43,65,134956
44,0,1237
44,1,22174
44,2,784
44,3,2264
44,4,61014
44,5,1270
44,6,57887
44,7,42405
44,8,45421
44,9,1670
44,10,6177
44,11,1507
44,12,7294
44,13,7760
44,14,7773
44,15,1621
44,16,1318
44,17,6270
44,18,1010
44,19,6639
44,20,36489
44,21,55532
44,22,49538
44,23,6441
44,24,59054
44,25,36680
44,26,46172
44,27,36132
44,28,65221
44,29,12980
44,30,9517
44,31,5276
44,32,6077
44,33,2117
44,34,22462
44,35,36425
44,36,40547
44,37,13127
44,38,7461
44,39,1604
44,40,1282
44,41,1426
44,42,14855
44,43,6177
44,44,535
44,45,1312
44,46,1921
44,47,959
44,48,2333
44,49,1099
44,50,52251
44,51,21757
44,52,42164
44,53,1487
44,54,5146
44,55,583
44,56,3939
44,57,1526
44,58,4339
44,59,546
44,60,26392
44,61,20073
44,62,2404
44,63,4011
44,64,9191
44,65,34096
45,0,1799
45,1,4890
45,2,1192
45,3,1215
45,4,54373
45,5,1991
45,6,136238
45,7,115415
45,8,55517
45,9,1217
45,10,1469
45,11,1024
45,12,1249
45,13,1083
45,14,1206
45,15,1923
45,16,1287
45,17,1595
45,18,2680
45,19,2247
45,20,202882
45,21,74065
45,22,147774
45,23,18945
45,24,50935
45,25,66801
45,26,43489
45,27,197621
45,28,271397
45,29,91450
45,30,91542
45,31,52606
45,32,72177
45,33,3735
45,34,115014
45,35,135419
45,36,18104
45,37,2684
45,38,2518
45,39,1816
45,40,2133
45,41,1977
45,42,9051
45,43,1785
45,44,1317
45,45,1026
45,46,1275
45,47,2783
45,48,3072
45,49,1818
45,50,119845
45,51,8094
45,52,14251
45,53,1509
45,54,33064
45,55,47243
45,56,1877
45,57,1010
45,58,2081
45,59,1070
45,60,202707
45,61,3654
45,62,1870
45,63,74627
45,64,91891
45,65,16164
46,0,6175
46,1,46793
46,2,5708
46,3,8167
46,4,120250
46,5,7509
46,6,173343
46,7,151479
46,8,87731
46,9,8532
46,10,11653
46,11,6356
46,12,13837
46,13,13144
46,14,13679
46,15,7301
46,16,5245
46,17,10960
46,18,4549
46,19,13145
46,20,101547
46,21,140331
46,22,93057
46,23,29828
46,24,101311
46,25,125350
46,26,105331
46,27,271099
46,28,303252
46,29,158208
46,30,141447
46,31,107603
46,32,121199
46,33,8216
46,34,48608
46,35,59129
46,36,117065
46,37,22079
46,38,13619
46,39,6111
46,40,5602
46,41,8130
46,42,39621
46,43,12789
46,44,4787
46,45,5203
46,46,8168
46,47,5634
46,48,9268
46,49,6141
46,50,83749
46,51,40746
46,52,103920
46,53,8087
46,54,62444
46,55,6712
46,56,11723
46,57,6304
46,58,13078
46,59,3325
46,60,136829
46,61,27779
46,62,9432
46,63,81951
46,64,86941
46,65,93791
47,0,9125
47,1,83552
47,2,8986
47,3,13059
47,4,207854
47,5,9244
47,6,250804
47,7,194516
47,8,148875
47,9,13449
47,10,27179
47,11,11772
47,12,28235
47,13,30177
47,14,27860
47,15,11033
47,16,8898
47,17,26105
47,18,9888
47,19,31668
47,20,238510
47,21,242637
47,22,217815
47,23,90358
47,24,208255
47,25,217768
47,26,208405
47,27,499175
47,28,591782
47,29,287066
47,30,279649
47,31,209648
47,32,227242
47,33,16429
47,34,121550
47,35,147179
47,36,187647
47,37,45335
47,38,32167
47,39,12809
47,40,9481
47,41,15913
47,42,100999
47,43,30211
47,44,12132
47,45,9879
47,46,11055
47,47,11343
47,48,16417
47,49,10154
47,50,198560
47,51,77957
47,52,180233
47,53,15232
47,54,146156
47,55,21827
47,56,23994
47,57,8920
47,58,26246
47,59,5602
47,60,311096
47,61,61995
47,62,16601
47,63,171525
47,64,214702
47,65,152169
48,0,3301
48,1,24294
48,2,3945
48,3,5288
48,4,57388
48,5,3622
48,6,76563
48,7,67052
48,8,40833
48,9,4837
48,10,6998
48,11,3797
48,12,6438
48,13,6367
48,14,8722
48,15,4479
48,16,3517
48,17,6104
48,18,3142
48,19,8374
48,20,59468
48,21,98681
48,22,63727
48,23,20591
48,24,40853
48,25,78217
48,26,53258
48,27,191994
48,28,201244
48,29,116588
48,30,103271
48,31,78619
48,32,84451
48,33,6064
48,34,30081
48,35,36205
48,36,65233
48,37,11287
48,38,9818
48,39,4924
48,40,4594
48,41,6712
48,42,25056
48,43,7214
48,44,4105
48,45,3255
48,46,4552
48,47,4656
48,48,5995
48,49,4634
48,50,48517
48,51,25532
48,52,62228
48,53,5948
48,54,53577
48,55,5859
48,56,12299
48,57,3811
48,58,7237
48,59,2148
48,60,116952
48,61,17672
48,62,7585
48,63,64239
48,64,67000
48,65,52320
49,0,1993
49,1,28589
49,2,1310
49,3,3607
49,4,82195
49,5,2001
49,6,113191
49,7,76798
49,8,62944
49,9,2972
49,10,13204
49,11,3279
49,12,14063
49,13,13539
49,14,11030
49,15,2381
49,16,2257
49,17,13035
49,18,1574
49,19,14733
49,20,259320
49,21,74407
49,22,85153
49,23,14813
49,24,89951
49,25,72939
49,26,74739
49,27,38712
49,28,59319
49,29,12766
49,30,9214
49,31,4415
49,32,5163
49,33,3447
49,34,38760
49,35,77091
49,36,43606
49,37,22827
49,38,12836
49,39,2451
49,40,2472
49,41,2037
49,42,29511
49,43,10993
49,44,1006
49,45,2078
49,46,2618
49,47,1703
49,48,4823
49,49,2528
49,50,95499
49,51,41860
49,52,76965
49,53,2239
49,54,5438
49,55,983
49,56,9065
49,57,2242
49,58,11500
49,59,885
49,60,38861
49,61,35079
49,62,2710
49,63,5020
49,64,11327
49,65,37367
50,0,2467
50,1,40583
50,2,1617
50,3,4852
50,4,109984
50,5,3322
50,6,139898
50,7,88722
50,8,92616
50,9,3308
50,10,18738
50,11,4125
50,12,20137
50,13,20007
50,14,16493
50,15,3094
50,16,2599
50,17,18130
50,18,2053
50,19,21528
50,20,184921
50,21,105772
50,22,103072
50,23,39807
50,24,134150
50,25,90635
50,26,102696
50,27,58757
50,28,117182
50,29,19500
50,30,13134
50,31,6399
50,32,8463
50,33,4443
50,34,52763
50,35,113109
50,36,58269
50,37,34148
50,38,17853
50,39,3467
50,40,3056
50,41,2962
50,42,36884
50,43,16040
50,44,1225
50,45,2504
50,46,3429
50,47,1881
50,48,6252
50,49,2811
50,50,119239
50,51,65978
50,52,100589
50,53,2788
50,54,7502
50,55,1251
50,56,12379
50,57,2951
50,58,12981
50,59,1244
50,60,64413
50,61,54223
50,62,4281
50,63,7015
50,64,15212
50,65,53039
51,0,4536
51,1,56942
51,2,2057
51,3,7048
51,4,137785
51,5,3253
51,6,208117
51,7,119903
51,8,114407
51,9,4057
51,10,25659
51,11,5026
51,12,28178
51,13,27900
51,14,22745
51,15,4150
51,16,3606
51,17,25228
51,18,2698
51,19,28494
51,20,200876
51,21,108094
51,22,130539
51,23,66900
51,24,159646
51,25,123932
51,26,119845
51,27,79407
51,28,153754
51,29,28256
51,30,22408
51,31,11715
51,32,17657
51,33,5734
51,34,83338
51,35,143192
51,36,88328
51,37,43288
51,38,27658
51,39,4346
51,40,3713
51,41,4319
51,42,58467
51,43,23694
51,44,1639
51,45,4142
51,46,4879
51,47,2748
51,48,8551
51,49,3545
51,50,155145
51,51,103708
51,52,137923
51,53,3257
51,54,12938
51,55,1765
51,56,17056
51,57,3638
51,58,17920
51,59,2463
51,60,76982
51,61,65629
51,62,6447
51,63,10840
51,64,25469
51,65,77259
52,0,21989
52,1,270932
52,2,12243
52,3,28725
52,4,755099
52,5,18084
52,6,727147
52,7,503524
52,8,569244
52,9,22848
52,10,137579
52,11,27270
52,12,146388
52,13,144973
52,14,109676
52,15,25696
52,16,19811
52,17,135539
52,18,15796
52,19,149259
52,20,573305
52,21,469772
52,22,572603
52,23,112736
52,24,640863
52,25,574189
52,26,484033
52,27,404133
52,28,630885
52,29,162064
52,30,122948
52,31,61940
52,32,268216
52,33,29777
52,34,265025
52,35,601093
52,36,355662
52,37,224975
52,38,134634
52,39,28020
52,40,18017
52,41,21294
52,42,200915
52,43,125840
52,44,10024
52,45,20334
52,46,27962
52,47,14828
52,48,41315
52,49,22113
52,50,572456
52,51,418520
52,52,554218
52,53,21043
52,54,68700
52,55,10032
52,56,87018
52,57,21606
52,58,91574
52,59,9065
52,60,353083
52,61,313550
52,62,27944
52,63,58343
52,64,121767
52,65,347037
53,0,840
53,1,10030
53,2,626
53,3,1456
53,4,22611
53,5,779
53,6,30203
53,7,21591
53,8,16772
53,9,1210
53,10,3104
53,11,1223
53,12,3284
53,13,3276
53,14,3756
53,15,921
53,16,769
53,17,2709
53,18,503
53,19,3127
53,20,20889
53,21,24247
53,22,21110
53,23,4661
53,24,21120
53,25,24988
53,26,23919
53,27,37149
53,28,53832
53,29,18959
53,30,18584
53,31,12705
53,32,14220
53,33,1164
53,34,11227
53,35,16220
53,36,23022
53,37,5473
53,38,3197
53,39,1035
53,40,1161
53,41,863
53,42,7748
53,43,2972
53,44,1056
53,45,765
53,46,819
53,47,736
53,48,1309
53,49,751
53,50,19221
53,51,11574
53,52,19453
53,53,1229
53,54,9212
53,55,473
53,56,2194
53,57,847
53,58,2380
53,59,372
53,60,23609
53,61,7942
53,62,1524
53,63,9749
53,64,14183
53,65,17058
54,0,2263
54,1,30306
54,2,2218
54,3,4130
54,4,113358
54,5,2689
54,6,98701
54,7,61314
54,8,82307
54,9,3973
54,10,10308
54,11,3334
54,12,11842
54,13,12360
54,14,11992
54,15,3248
54,16,2672
54,17,10418
54,18,2042
54,19,10586
54,20,58899
54,21,71638
54,22,62383
54,23,18382
54,24,82543
54,25,76990
54,26,71240
54,27,61056
54,28,110029
54,29,28638
54,30,25937
54,31,15821
54,32,17387
54,33,8787
54,34,43212
54,35,79975
54,36,59264
54,37,24233
54,38,13350
54,39,4265
54,40,2400
54,41,2853
54,42,24391
54,43,10345
54,44,2136
54,45,2598
54,46,3024
54,47,3207
54,48,4250
54,49,2714
54,50,78142
54,51,31407
54,52,63592
54,53,3448
54,54,12941
54,55,1476
54,56,7747
54,57,3037
54,58,7470
54,59,1278
54,60,46344
54,61,32925
54,62,5095
54,63,12310
54,64,29518
54,65,45352
55,0,8358
55,1,117580
55,2,8256
55,3,14749
55,4,312900
55,5,8137
55,6,284708
55,7,225908
55,8,200795
55,9,16279
55,10,39708
55,11,13496
55,12,44679
55,13,43150
55,14,37741
55,15,10388
55,16,8297
55,17,37690
55,18,6504
55,19,42538
55,20,306451
55,21,257072
55,22,231746
55,23,76341
55,24,263405
55,25,213852
55,26,230914
55,27,452225
55,28,585766
55,29,204273
55,30,230509
55,31,168070
55,32,178976
55,33,14971
55,34,131356
55,35,239234
55,36,157914
55,37,75195
55,38,46938
55,39,12067
55,40,8783
55,41,13759
55,42,92077
55,43,39244
55,44,11916
55,45,9185
55,46,9676
55,47,8145
55,48,17681
55,49,9042
55,50,249905
55,51,140520
55,52,196286
55,53,13389
55,54,114176
55,55,6118
55,56,30185
55,57,9226
55,58,31348
55,59,4644
55,60,282999
55,61,107713
55,62,17051
55,63,113796
55,64,190588
55,65,161662
56,0,3756
56,1,41614
56,2,2466
56,3,5393
56,4,143078
56,5,3175
56,6,111960
56,7,95580
56,8,101709
56,9,5547
56,10,11252
56,11,4371
56,12,12297
56,13,13070
56,14,13194
56,15,4140
56,16,3340
56,17,11148
56,18,2336
56,19,11654
56,20,71462
56,21,98599
56,22,79343
56,23,18161
56,24,83244
56,25,122126
56,26,109589
56,27,72893
56,28,144381
56,29,32638
56,30,26735
56,31,14850
56,32,19246
56,33,4285
56,34,49729
56,35,93912
56,36,71289
56,37,23170
56,38,13089
56,39,4211
56,40,3660
56,41,3801
56,42,23510
56,43,10642
56,44,3187
56,45,3413
56,46,3041
56,47,2470
56,48,5072
56,49,3100
56,50,106572
56,51,27322
56,52,84111
56,53,4771
56,54,12422
56,55,1921
56,56,9359
56,57,3319
56,58,7792
56,59,1393
56,60,43634
56,61,34697
56,62,5332
56,63,11978
56,64,25744
56,65,53087
57,0,4594
57,1,36336
57,2,2721
57,3,5196
57,4,113265
57,5,3299
57,6,239306
57,7,214741
57,8,218992
57,9,6571
57,10,12957
57,11,4601
57,12,14678
57,13,15685
57,14,14136
57,15,4193
57,16,3132
57,17,12875
57,18,2723
57,19,13913
57,20,216454
57,21,226006
57,22,231797
57,23,24156
57,24,84562
57,25,250883
57,26,227304
57,27,83267
57,28,282222
57,29,41244
57,30,42391
57,31,25628
57,32,28831
57,33,4499
57,34,172746
57,35,241105
57,36,57682
57,37,28852
57,38,15275
57,39,4493
57,40,4569
57,41,3373
57,42,27288
57,43,12461
57,44,3299
57,45,3833
57,46,3001
57,47,2240
57,48,5698
57,49,3117
57,50,224794
57,51,40992
57,52,73202
57,53,4660
57,54,19614
57,55,1901
57,56,9800
57,57,3349
57,58,9732
57,59,1902
57,60,58640
57,61,38836
57,62,5437
57,63,19570
57,64,34026
57,65,51288
58,0,2377
58,1,26065
58,2,2061
58,3,2877
58,4,54107
58,5,1926
58,6,62643
58,7,39339
58,8,39680
58,9,3103
58,10,7118
58,11,2442
58,12,8130
58,13,8090
58,14,7643
58,15,2286
58,16,1668
58,17,7670
58,18,1429
58,19,8252
58,20,50270
58,21,71578
58,22,38433
58,23,15182
58,24,34756
58,25,50282
58,26,35503
58,27,146348
58,28,161185
58,29,73344
58,30,83756
58,31,63597
58,32,67398
58,33,3800
58,34,28346
58,35,34155
58,36,40253
58,37,13995
58,38,8120
58,39,2836
58,40,2058
58,41,2797
58,42,22599
58,43,7933
58,44,1651
58,45,1970
58,46,2603
58,47,2431
58,48,3857
58,49,2072
58,50,40935
58,51,24652
58,52,37957
58,53,3271
58,54,46151
58,55,1485
58,56,6030
58,57,1874
58,58,6878
58,59,1116
58,60,84994
58,61,19936
58,62,3776
58,63,43224
58,64,59499
58,65,31009
59,0,8754
59,1,99038
59,2,7088
59,3,12303
59,4,216158
59,5,7166
59,6,196930
59,7,126527
59,8,151996
59,9,11684
59,10,23318
59,11,9297
59,12,26820
59,13,27659
59,14,27618
59,15,9491
59,16,6720
59,17,23275
59,18,5296
59,19,27638
59,20,138023
59,21,297725
59,22,177595
59,23,56782
59,24,132514
59,25,167970
59,26,132688
59,27,533455
59,28,577988
59,29,288956
59,30,321024
59,31,248591
59,32,258283
59,33,14351
59,34,91862
59,35,84792
59,36,132534
59,37,41743
59,38,25066
59,39,10977
59,40,7586
59,41,10460
59,42,87335
59,43,29028
59,44,3815
59,45,7484
59,46,11857
59,47,9102
59,48,14166
59,49,8179
59,50,144998
59,51,82779
59,52,132591
59,53,11637
59,54,164713
59,55,5489
59,56,20036
59,57,9374
59,58,24575
59,59,4428
59,60,311760
59,61,60394
59,62,14882
59,63,156286
59,64,223901
59,65,150251
60,0,36540
60,1,417748
60,2,30366
60,3,50853
60,4,899880
60,5,26380
60,6,777664
60,7,473357
60,8,670110
60,9,47003
60,10,135662
60,11,40973
60,12,154607
60,13,156748
60,14,141879
60,15,38097
60,16,29780
60,17,137825
60,18,26342
60,19,151749
60,20,583667
60,21,920070
60,22,679222
60,23,226090
60,24,571865
60,25,595935
60,26,443639
60,27,1626866
60,28,1841147
60,29,898177
60,30,1007691
60,31,795709
60,32,852034
60,33,60460
60,34,350217
60,35,410980
60,36,582429
60,37,232334
60,38,150581
60,39,43752
60,40,27811
60,41,51200
60,42,339531
60,43,153409
60,44,15705
60,45,34021
60,46,46878
60,47,33268
60,48,68259
60,49,36757
60,50,581209
60,51,316817
60,52,506402
60,53,47629
60,54,506033
60,55,24922
60,56,103484
60,57,32662
60,58,120775
60,59,18506
60,60,932329
60,61,297096
60,62,68102
60,63,493330
60,64,689426
60,65,458499
61,0,3352
61,1,48474
61,2,2328
61,3,4789
61,4,150873
61,5,3800
61,6,128686
61,7,99356
61,8,103985
61,9,5675
61,10,18090
61,11,4481
61,12,21523
61,13,38287
61,14,20468
61,15,4206
61,16,3409
61,17,19284
61,18,2744
61,19,20847
61,20,65028
61,21,87574
61,22,93128
61,23,24663
61,24,112866
61,25,86579
61,26,93007
61,27,77498
61,28,153568
61,29,34304
61,30,29067
61,31,17209
61,32,19117
61,33,5084
61,34,48680
61,35,70938
61,36,82466
61,37,35400
61,38,21198
61,39,3989
61,40,2724
61,41,3960
61,42,33029
61,43,18796
61,44,2066
61,45,3561
61,46,3752
61,47,2693
61,48,8198
61,49,2765
61,50,91093
61,51,45476
61,52,87933
61,53,3371
61,54,15912
61,55,1622
61,56,11074
61,57,2688
61,58,11144
61,59,1303
61,60,55757
61,61,45876
61,62,4838
61,63,14720
61,64,27075
61,65,76139
62,0,2981
62,1,45471
62,2,2123
62,3,4893
62,4,140121
62,5,3581
62,6,123605
62,7,75755
62,8,104990
62,9,4641
62,10,15553
62,11,3945
62,12,20160
62,13,19012
62,14,20074
62,15,3928
62,16,3309
62,17,18543
62,18,2396
62,19,17209
62,20,55550
62,21,84495
62,22,87871
62,23,13441
62,24,99708
62,25,117871
62,26,80299
62,27,72435
62,28,126424
62,29,39536
62,30,24263
62,31,15103
62,32,16110
62,33,5007
62,34,37354
62,35,53381
62,36,76486
62,37,33153
62,38,18678
62,39,3673
62,40,2847
62,41,3585
62,42,32583
62,43,15403
62,44,1483
62,45,3554
62,46,3583
62,47,2745
62,48,5534
62,49,2879
62,50,94382
62,51,38802
62,52,92384
62,53,3903
62,54,13749
62,55,1784
62,56,9776
62,57,3309
62,58,9567
62,59,1251
62,60,44338
62,61,43295
62,62,4827
62,63,12113
62,64,22429
62,65,71878
63,0,4322
63,1,50405
63,2,2726
63,3,6556
63,4,176525
63,5,3662
63,6,147981
63,7,104870
63,8,135518
63,9,6263
63,10,21683
63,11,5504
63,12,23569
63,13,25495
63,14,36590
63,15,5407
63,16,4163
63,17,22307
63,18,3357
63,19,22900
63,20,70185
63,21,110568
63,22,117417
63,23,17603
63,24,128576
63,25,136856
63,26,87155
63,27,106833
63,28,178825
63,29,40498
63,30,31414
63,31,17672
63,32,20288
63,33,5900
63,34,62895
63,35,81578
63,36,92513
63,37,44107
63,38,24755
63,39,5536
63,40,4003
63,41,4468
63,42,36631
63,43,21807
63,44,1902
63,45,4369
63,46,4241
63,47,3107
63,48,7400
63,49,3797
63,50,112577
63,51,52240
63,52,95149
63,53,4591
63,54,15992
63,55,2315
63,56,17874
63,57,4024
63,58,13224
63,59,1643
63,60,60027
63,61,53802
63,62,8219
63,63,14905
63,64,28024
63,65,76663
64,0,666
64,1,10025
64,2,480
64,3,1313
64,4,43242
64,5,769
64,6,43321
64,7,26116
64,8,32013
64,9,1114
64,10,4304
64,11,1053
64,12,4915
64,13,4904
64,14,4796
64,15,870
64,16,719
64,17,4549
64,18,578
64,19,4421
64,20,20357
64,21,24600
64,22,36875
64,23,3360
64,24,33023
64,25,31855
64,26,29419
64,27,17339
64,28,42649
64,29,6700
64,30,5827
64,31,3626
64,32,3680
64,33,1041
64,34,19362
64,35,29047
64,36,30345
64,37,9321
64,38,4891
64,39,880
64,40,793
64,41,734
64,42,6625
64,43,3961
64,44,272
64,45,688
64,46,784
64,47,500
64,48,1176
64,49,666
64,50,32813
64,51,13233
64,52,34065
64,53,848
64,54,2834
64,55,308
64,56,2724
64,57,931
64,58,2323
64,59,338
64,60,10732
64,61,12422
64,62,902
64,63,2163
64,64,5159
64,65,17395
65,0,12794
65,1,163019
65,2,7933
65,3,20935
65,4,701105
65,5,12162
65,6,501468
65,7,309090
65,8,525739
65,9,18022
65,10,77818
65,11,17098
65,12,97460
65,13,99289
65,14,91157
65,15,14872
65,16,13373
65,17,82722
65,18,9641
65,19,83798
65,20,236265
65,21,333654
65,22,393335
65,23,78575
65,24,357874
65,25,361831
65,26,293482
65,27,279802
65,28,491713
65,29,110858
65,30,91400
65,31,55375
65,32,59589
65,33,22607
65,34,205446
65,35,274487
65,36,338662
65,37,174186
65,38,87021
65,39,14828
65,40,10279
65,41,13006
65,42,129932
65,43,78236
65,44,5589
65,45,12899
65,46,11556
65,47,8548
65,48,20728
65,49,11917
65,50,390805
65,51,187640
65,52,317802
65,53,11608
65,54,51206
65,55,6203
65,56,47472
65,57,12905
65,58,42821
65,59,4400
65,60,192549
65,61,214112
65,62,15800
65,63,42311
65,64,83863
65,65,234989
66,0,22118
66,1,103808
66,2,7170
66,3,16324
66,4,425423
66,5,11034
66,6,258710
66,7,139933
66,8,351890
66,9,15722
66,10,71396
66,11,14623
66,12,81831
66,13,88631
66,14,74613
66,15,13705
66,16,11030
66,17,76047
66,18,9082
66,19,73492
66,20,94493
66,21,145508
66,22,233210
66,23,50599
66,24,201313
66,25,184458
66,26,198544
66,27,117961
66,28,198979
66,29,52068
66,30,44930
66,31,24714
66,32,28555
66,33,19694
66,34,131327
66,35,136073
66,36,143171
66,37,139485
66,38,86409
66,39,20371
66,40,8731
66,41,11635
66,42,103796
66,43,73479
66,44,5120
66,45,11457
66,46,13548
66,47,8336
66,48,19083
66,49,12253
66,50,222447
66,51,138832
66,52,176046
66,53,10589
66,54,27458
66,55,5215
66,56,42505
66,57,10389
66,58,40686
66,59,4526
66,60,79760
66,61,172851
66,62,15526
66,63,18443
66,64,46341
66,65,118155
67,0,3696
67,1,48565
67,2,2637
67,3,5817
67,4,163268
67,5,4200
67,6,117042
67,7,78685
67,8,140991
67,9,5496
67,10,23846
67,11,4790
67,12,27832
67,13,30562
67,14,27374
67,15,4569
67,16,3803
67,17,25361
67,18,3040
67,19,25730
67,20,51929
67,21,60737
67,22,98977
67,23,19210
67,24,95707
67,25,102240
67,26,71872
67,27,57283
67,28,93266
67,29,27096
67,30,18974
67,31,9521
67,32,10693
67,33,5348
67,34,47592
67,35,67132
67,36,80037
67,37,47919
67,38,28501
67,39,6165
67,40,3211
67,41,4253
67,42,40898
67,43,24787
67,44,1682
67,45,4365
67,46,4107
67,47,3282
67,48,6448
67,49,3554
67,50,99099
67,51,66593
67,52,83798
67,53,3942
67,54,10113
67,55,1901
67,56,15135
67,57,3922
67,58,13435
67,59,1613
67,60,49395
67,61,59989
67,62,4949
67,63,8268
67,64,17703
67,65,58591
68,0,12194
68,1,108193
68,2,6998
68,3,15621
68,4,539050
68,5,9885
68,6,345132
68,7,208291
68,8,450043
68,9,17456
68,10,91712
68,11,16173
68,12,106436
68,13,116406
68,14,101898
68,15,14838
68,16,11543
68,17,96822
68,18,9988
68,19,96926
68,20,140513
68,21,224285
68,22,302556
68,23,54299
68,24,273330
68,25,257968
68,26,259990
68,27,111336
68,28,245709
68,29,52622
68,30,42237
68,31,20803
68,32,22291
68,33,14785
68,34,128069
68,35,252771
68,36,183497
68,37,194720
68,38,106142
68,39,42108
68,40,7897
68,41,12257
68,42,108474
68,43,101048
68,44,4848
68,45,14876
68,46,10835
68,47,8943
68,48,19363
68,49,12322
68,50,276214
68,51,173064
68,52,251396
68,53,10994
68,54,25190
68,55,5201
68,56,52364
68,57,11640
68,58,42061
68,59,4646
68,60,94661
68,61,210756
68,62,16071
68,63,17397
68,64,58699
68,65,151785
69,0,1985
69,1,21268
69,2,1391
69,3,2932
69,4,80810
69,5,2277
69,6,55877
69,7,42924
69,8,63678
69,9,2527
69,10,10338
69,11,2436
69,12,12875
69,13,12934
69,14,13090
69,15,2824
69,16,2304
69,17,11353
69,18,1460
69,19,10425
69,20,21045
69,21,39421
69,22,45251
69,23,7654
69,24,53739
69,25,42313
69,26,44831
69,27,25345
69,28,55150
69,29,11849
69,30,9053
69,31,4891
69,32,5450
69,33,3068
69,34,25937
69,35,42444
69,36,33563
69,37,22608
69,38,13069
69,39,2981
69,40,2191
69,41,2415
69,42,21452
69,43,10610
69,44,1001
69,45,2070
69,46,2432
69,47,1585
69,48,3049
69,49,1865
69,50,51511
69,51,22329
69,52,39981
69,53,1975
69,54,5878
69,55,1011
69,56,6398
69,57,1850
69,58,6014
69,59,26910
69,60,17889
69,61,30051
69,62,3102
69,63,3971
69,64,12184
69,65,34927
70,0,5485
70,1,39038
70,2,4031
70,3,8652
70,4,152616
70,5,4788
70,6,163345
70,7,130185
70,8,92602
70,9,9646
70,10,14841
70,11,7071
70,12,15381
70,13,15801
70,14,18377
70,15,6822
70,16,5251
70,17,13497
70,18,3881
70,19,14174
70,20,81477
70,21,112678
70,22,75400
70,23,15263
70,24,117137
70,25,135750
70,26,74009
70,27,99567
70,28,183981
70,29,50263
70,30,38412
70,31,25363
70,32,26783
70,33,8404
70,34,54970
70,35,102768
70,36,86157
70,37,29294
70,38,15684
70,39,7026
70,40,5386
70,41,5943
70,42,27624
70,43,13366
70,44,2639
70,45,4707
70,46,5000
70,47,4185
70,48,7099
70,49,4644
70,50,110882
70,51,39267
70,52,127484
70,53,7366
70,54,18770
70,55,2557
70,56,11990
70,57,4766
70,58,10000
70,59,2485
70,60,89175
70,61,39409
70,62,7716
70,63,19016
70,64,30354
70,65,67570
71,0,18259
71,1,53022
71,2,3292
71,3,8470
71,4,235178
71,5,4871
71,6,148511
71,7,105343
71,8,177080
71,9,7183
71,10,31990
71,11,6523
71,12,35051
71,13,38871
71,14,34586
71,15,8388
71,16,5237
71,17,32608
71,18,4113
71,19,32909
71,20,54313
71,21,86250
71,22,133651
71,23,22452
71,24,174363
71,25,163838
71,26,101319
71,27,81403
71,28,126491
71,29,32293
71,30,23885
71,31,12850
71,32,14555
71,33,7440
71,34,82114
71,35,78585
71,36,103956
71,37,61187
71,38,36191
71,39,8819
71,40,4202
71,41,5957
71,42,78168
71,43,30648
71,44,2318
71,45,5349
71,46,5437
71,47,3590
71,48,7829
71,49,4525
71,50,119606
71,51,72364
71,52,106846
71,53,5406
71,54,12855
71,55,2464
71,56,18264
71,57,5074
71,58,17418
71,59,1921
71,60,51956
71,61,78614
71,62,7648
71,63,11035
71,64,25818
71,65,90098
72,0,2469
72,1,30310
72,2,2909
72,3,3695
72,4,92301
72,5,2231
72,6,66487
72,7,97615
72,8,82285
72,9,4001
72,10,8688
72,11,3086
72,12,8720
72,13,9282
72,14,8496
72,15,3693
72,16,2146
72,17,7638
72,18,1999
72,19,9048
72,20,120150
72,21,143203
72,22,52695
72,23,27592
72,24,44159
72,25,42041
72,26,52025
72,27,283548
72,28,295980
72,29,179558
72,30,206992
72,31,134785
72,32,143011
72,33,6072
72,34,64352
72,35,93325
72,36,50582
72,37,15344
72,38,9351
72,39,3623
72,40,2616
72,41,9774
72,42,78903
72,43,9572
72,44,2056
72,45,2638
72,46,3531
72,47,3076
72,48,5631
72,49,3102
72,50,49237
72,51,35189
72,52,34060
72,53,4540
72,54,85797
72,55,2341
72,56,7124
72,57,2692
72,58,9027
72,59,2000
72,60,193905
72,61,21874
72,62,4886
72,63,92954
72,64,107812
72,65,44756
73,0,2389
73,1,20847
73,2,2704
73,3,3865
73,4,102548
73,5,2619
73,6,86799
73,7,78316
73,8,28754
73,9,3919
73,10,5609
73,11,3171
73,12,5099
73,13,5844
73,14,5612
73,15,3451
73,16,2338
73,17,4853
73,18,1700
73,19,6260
73,20,94209
73,21,76891
73,22,91509
73,23,18004
73,24,61519
73,25,46265
73,26,37619
73,27,248154
73,28,257314
73,29,130970
73,30,134812
73,31,104966
73,32,107127
73,33,5483
73,34,54304
73,35,19540
73,36,40743
73,37,8579
73,38,5925
73,39,3585
73,40,3659
73,41,10869
73,42,28548
73,43,15485
73,44,1211
73,45,2342
73,46,3613
73,47,2822
73,48,4628
73,49,2747
73,50,63555
73,51,22043
73,52,72977
73,53,4236
73,54,64539
73,55,2216
73,56,5434
73,57,3140
73,58,6116
73,59,1750
73,60,165882
73,61,12568
73,62,4714
73,63,74922
73,64,95260
73,65,51149
74,0,562
74,1,5635
74,2,464
74,3,882
74,4,13244
74,5,589
74,6,14247
74,7,12060
74,8,8930
74,9,938
74,10,1088
74,11,649
74,12,1184
74,13,1626
74,14,1525
74,15,663
74,16,493
74,17,1048
74,18,749
74,19,1480
74,20,13231
74,21,16845
74,22,10600
74,23,2814
74,24,9053
74,25,14427
74,26,8791
74,27,39380
74,28,41114
74,29,21685
74,30,20940
74,31,15931
74,32,16595
74,33,884
74,34,5143
74,35,7126
74,36,11497
74,37,2017
74,38,1367
74,39,841
74,40,644
74,41,1211
74,42,4799
74,43,1583
74,44,259
74,45,571
74,46,708
74,47,856
74,48,944
74,49,651
74,50,7967
74,51,3894
74,52,10051
74,53,857
74,54,10924
74,55,403
74,56,1079
74,57,649
74,58,1242
74,59,320
74,60,20244
74,61,3030
74,62,1045
74,63,14423
74,64,14475
74,65,12315
75,0,3230
75,1,34021
75,2,3295
75,3,5093
75,4,69706
75,5,3175
75,6,75938
75,7,56446
75,8,48898
75,9,4858
75,10,8742
75,11,3676
75,12,9420
75,13,11046
75,14,10825
75,15,3502
75,16,2768
75,17,9013
75,18,2359
75,19,10008
75,20,66561
75,21,99306
75,22,68079
75,23,30100
75,24,43587
75,25,67813
75,26,43373
75,27,209494
75,28,232745
75,29,133691
75,30,136909
75,31,109864
75,32,118376
75,33,5941
75,34,20829
75,35,32287
75,36,46139
75,37,16190
75,38,9607
75,39,5939
75,40,3032
75,41,5398
75,42,40950
75,43,10726
75,44,2098
75,45,3096
75,46,4131
75,47,3675
75,48,6274
75,49,3771
75,50,49267
75,51,32769
75,52,48227
75,53,4735
75,54,67751
75,55,2704
75,56,7947
75,57,3210
75,58,8749
75,59,1995
75,60,131496
75,61,21957
75,62,6017
75,63,79042
75,64,91320
75,65,58401
76,0,5252
76,1,36004
76,2,4296
76,3,5143
76,4,80012
76,5,3436
76,6,68313
76,7,54833
76,8,46693
76,9,5548
76,10,8314
76,11,4374
76,12,8374
76,13,10344
76,14,9362
76,15,4433
76,16,3404
76,17,8204
76,18,2673
76,19,10169
76,20,63401
76,21,97280
76,22,59202
76,23,26915
76,24,41941
76,25,65142
76,26,40078
76,27,264384
76,28,278607
76,29,178564
76,30,177601
76,31,143557
76,32,151381
76,33,7584
76,34,21495
76,35,26665
76,36,55413
76,37,14395
76,38,10230
76,39,5291
76,40,4174
76,41,11977
76,42,39095
76,43,10100
76,44,1992
76,45,3286
76,46,5932
76,47,4539
76,48,7141
76,49,4234
76,50,45121
76,51,30791
76,52,50423
76,53,5283
76,54,96916
76,55,3224
76,56,7539
76,57,3857
76,58,9571
76,59,2463
76,60,165419
76,61,21080
76,62,7478
76,63,112734
76,64,120769
76,65,59311
77,0,4349
77,1,43929
77,2,4548
77,3,6796
77,4,106949
77,5,4929
77,6,111932
77,7,115617
77,8,63183
77,9,6591
77,10,9957
77,11,4914
77,12,9429
77,13,10915
77,14,10669
77,15,5756
77,16,4244
77,17,10165
77,18,8732
77,19,12264
77,20,125603
77,21,168513
77,22,97225
77,23,53343
77,24,78433
77,25,141864
77,26,71064
77,27,483530
77,28,495486
77,29,309638
77,30,304420
77,31,234030
77,32,250468
77,33,11161
77,34,39117
77,35,49652
77,36,86830
77,37,16664
77,38,12644
77,39,6989
77,40,6092
77,41,17836
77,42,85393
77,43,11229
77,44,6326
77,45,4151
77,46,6032
77,47,5128
77,48,8535
77,49,5578
77,50,108250
77,51,57240
77,52,79398
77,53,6664
77,54,172231
77,55,7777
77,56,8739
77,57,5437
77,58,12335
77,59,2509
77,60,316431
77,61,35547
77,62,8781
77,63,192526
77,64,213260
77,65,116153
78,0,2469
78,1,16829
78,2,2768
78,3,3581
78,4,48930
78,5,2372
78,6,67507
78,7,65154
78,8,32752
78,9,3942
78,10,5477
78,11,2952
78,12,5168
78,13,5297
78,14,6018
78,15,2927
78,16,2173
78,17,4588
78,18,2365
78,19,6655
78,20,52021
78,21,59631
78,22,66633
78,23,12903
78,24,34457
78,25,63076
78,26,41852
78,27,146461
78,28,162354
78,29,83547
78,30,72512
78,31,54391
78,32,59446
78,33,4330
78,34,20902
78,35,30239
78,36,150381
78,37,7872
78,38,6027
78,39,3888
78,40,3322
78,41,7196
78,42,25024
78,43,5149
78,44,3009
78,45,2484
78,46,2868
78,47,1992
78,48,4110
78,49,2723
78,50,39154
78,51,22819
78,52,41343
78,53,4661
78,54,32095
78,55,3087
78,56,4948
78,57,2872
78,58,5162
78,59,1363
78,60,89094
78,61,11729
78,62,9199
78,63,35446
78,64,45295
78,65,55249
79,0,9140
79,1,90719
79,2,6545
79,3,11585
79,4,220689
79,5,7872
79,6,215573
79,7,155183
79,8,151026
79,9,9797
79,10,26611
79,11,9463
79,12,29230
79,13,30897
79,14,27323
79,15,9836
79,16,7474
79,17,26180
79,18,8283
79,19,32624
79,20,189199
79,21,227180
79,22,188553
79,23,64489
79,24,131221
79,25,195332
79,26,122716
79,27,502882
79,28,545982
79,29,247969
79,30,258605
79,31,191586
79,32,206329
79,33,14964
79,34,102749
79,35,112275
79,36,260842
79,37,46105
79,38,29400
79,39,12509
79,40,9367
79,41,15526
79,42,129184
79,43,28971
79,44,7694
79,45,8228
79,46,10326
79,47,7777
79,48,15460
79,49,10303
79,50,170917
79,51,119593
79,52,145828
79,53,10315
79,54,135463
79,55,8455
79,56,20157
79,57,9370
79,58,24252
79,59,4120
79,60,338854
79,61,64109
79,62,15478
79,63,112311
79,64,188666
79,65,159250
80,0,3277
80,1,27543
80,2,2967
80,3,5054
80,4,103443
80,5,3194
80,6,117388
80,7,112648
80,8,56696
80,9,4528
80,10,7224
80,11,3665
80,12,7088
80,13,8313
80,14,8343
80,15,4269
80,16,3334
80,17,6494
80,18,7593
80,19,9925
80,20,120552
80,21,121660
80,22,84451
80,23,23220
80,24,76848
80,25,89146
80,26,55518
80,27,262831
80,28,302645
80,29,136958
80,30,116812
80,31,81403
80,32,89933
80,33,6091
80,34,36358
80,35,82707
80,36,76952
80,37,12602
80,38,8818
80,39,4271
80,40,4453
80,41,8092
80,42,52581
80,43,8763
80,44,6170
80,45,3070
80,46,3908
80,47,2945
80,48,6348
80,49,3760
80,50,87739
80,51,42066
80,52,67231
80,53,4106
80,54,56107
80,55,6548
80,56,6168
80,57,3905
80,58,7492
80,59,1851
80,60,184113
80,61,17703
80,62,6168
80,63,62323
80,64,84561
80,65,90358
81,0,4550
81,1,58791
81,2,5031
81,3,7176
81,4,81395
81,5,4454
81,6,89705
81,7,77919
81,8,50047
81,9,6216
81,10,9706
81,11,5520
81,12,9481
81,13,10398
81,14,10932
81,15,5160
81,16,4122
81,17,9148
81,18,3775
81,19,12569
81,20,116791
81,21,168880
81,22,102834
81,23,49025
81,24,59750
81,25,86226
81,26,54073
81,27,462869
81,28,466263
81,29,319690
81,30,333811
81,31,276911
81,32,288812
81,33,10166
81,34,40264
81,35,36294
81,36,66177
81,37,15576
81,38,12206
81,39,6784
81,40,4925
81,41,19761
81,42,89977
81,43,11447
81,44,3383
81,45,4750
81,46,7752
81,47,6009
81,48,10298
81,49,5839
81,50,71985
81,51,56143
81,52,61061
81,53,7453
81,54,225442
81,55,5050
81,56,10246
81,57,5287
81,58,12714
81,59,3417
81,60,333035
81,61,23112
81,62,9498
81,63,239112
81,64,236820
81,65,103780
82,0,8304
82,1,99527
82,2,6445
82,3,11397
82,4,153500
82,5,6399
82,6,121370
82,7,114957
82,8,82073
82,9,10612
82,10,20146
82,11,8564
82,12,22041
82,13,23234
82,14,21093
82,15,8380
82,16,7619
82,17,20524
82,18,6427
82,19,25481
82,20,251778
82,21,396717
82,22,186512
82,23,149013
82,24,101217
82,25,123073
82,26,95586
82,27,967654
82,28,973846
82,29,697872
82,30,751876
82,31,641027
82,32,651231
82,33,19328
82,34,61632
82,35,56919
82,36,93132
82,37,32903
82,38,23556
82,39,11671
82,40,7814
82,41,34217
82,42,248492
82,43,22410
82,44,5269
82,45,7523
82,46,11047
82,47,7899
82,48,17589
82,49,9395
82,50,111426
82,51,98507
82,52,85983
82,53,11400
82,54,559113
82,55,9027
82,56,18459
82,57,7980
82,58,24605
82,59,4851
82,60,761926
82,61,48930
82,62,14634
82,63,590102
82,64,606389
82,65,158835
83,0,3475
83,1,34910
83,2,4292
83,3,5679
83,4,60705
83,5,3586
83,6,76367
83,7,70482
83,8,35628
83,9,5899
83,10,7236
83,11,4000
83,12,6371
83,13,6801
83,14,7709
83,15,4370
83,16,3203
83,17,6392
83,18,2876
83,19,8459
83,20,76231
83,21,115492
83,22,64924
83,23,38078
83,24,45818
83,25,80325
83,26,42062
83,27,338971
83,28,342877
83,29,229925
83,30,219160
83,31,180544
83,32,187420
83,33,8435
83,34,26499
83,35,33111
83,36,57487
83,37,10199
83,38,8473
83,39,5522
83,40,4774
83,41,21353
83,42,50527
83,43,7390
83,44,4122
83,45,3557
83,46,5497
83,47,4209
83,48,7539
83,49,4959
83,50,49783
83,51,32821
83,52,52072
83,53,6340
83,54,130081
83,55,4310
83,56,7401
83,57,4381
83,58,8629
83,59,2504
83,60,222378
83,61,16236
83,62,7384
83,63,158572
83,64,150813
83,65,79070
84,0,1104
84,1,6879
84,2,1020
84,3,1892
84,4,13394
84,5,1118
84,6,18591
84,7,31923
84,8,7316
84,9,1859
84,10,1880
84,11,1381
84,12,1543
84,13,1340
84,14,2432
84,15,1489
84,16,1102
84,17,1267
84,18,757
84,19,2208
84,20,28109
84,21,40606
84,22,25728
84,23,6048
84,24,18652
84,25,23796
84,26,14480
84,27,98354
84,28,94596
84,29,51033
84,30,48487
84,31,36898
84,32,39658
84,33,1787
84,34,6249
84,35,8383
84,36,34670
84,37,1968
84,38,1819
84,39,2974
84,40,2012
84,41,3197
84,42,9921
84,43,1760
84,44,821
84,45,1181
84,46,1451
84,47,1170
84,48,1853
84,49,1168
84,50,11684
84,51,6845
84,52,11045
84,53,2022
84,54,28383
84,55,1108
84,56,2108
84,57,1249
84,58,1895
84,59,680
84,60,55447
84,61,3078
84,62,1912
84,63,49156
84,64,34924
84,65,26086
85,0,2521
85,1,23771
85,2,2908
85,3,4428
85,4,44172
85,5,2814
85,6,72952
85,7,65234
85,8,26797
85,9,4821
85,10,4909
85,11,3322
85,12,4521
85,13,4916
85,14,6937
85,15,3509
85,16,2748
85,17,4368
85,18,2333
85,19,5829
85,20,57197
85,21,97287
85,22,60580
85,23,26733
85,24,26871
85,25,73088
85,26,29128
85,27,248229
85,28,266617
85,29,169684
85,30,148894
85,31,113555
85,32,117788
85,33,5465
85,34,14510
85,35,16424
85,36,37080
85,37,7520
85,38,6064
85,39,4083
85,40,3914
85,41,9632
85,42,37318
85,43,6522
85,44,2417
85,45,2829
85,46,4229
85,47,3061
85,48,5126
85,49,3712
85,50,43477
85,51,22623
85,52,44956
85,53,4696
85,54,85630
85,55,8216
85,56,4984
85,57,3307
85,58,6782
85,59,1813
85,60,160068
85,61,11559
85,62,5488
85,63,122419
85,64,111651
85,65,64612
86,0,9751
86,1,58147
86,2,7756
86,3,12009
86,4,160307
86,5,8333
86,6,136781
86,7,118001
86,8,96075
86,9,12443
86,10,15694
86,11,9942
86,12,16462
86,13,20438
86,14,17586
86,15,8949
86,16,7553
86,17,14124
86,18,5582
86,19,20186
86,20,127093
86,21,221387
86,22,116105
86,23,49755
86,24,114448
86,25,165140
86,26,97672
86,27,537018
86,28,547790
86,29,303380
86,30,296347
86,31,227890
86,32,236469
86,33,14359
86,34,42099
86,35,55955
86,36,145542
86,37,26154
86,38,19720
86,39,10163
86,40,9595
86,41,26130
86,42,77300
86,43,17307
86,44,5121
86,45,8772
86,46,11028
86,47,8832
86,48,14749
86,49,11061
86,50,120028
86,51,60219
86,52,98918
86,53,13138
86,54,166244
86,55,6415
86,56,15229
86,57,8178
86,58,18067
86,59,4488
86,60,318544
86,61,41839
86,62,13694
86,63,174446
86,64,213331
86,65,141290
87,0,106
87,1,2182
87,2,95
87,3,144
87,4,4781
87,5,248
87,6,33835
87,7,32990
87,8,5938
87,9,198
87,10,608
87,11,145
87,12,753
87,13,830
87,14,534
87,15,197
87,16,133
87,17,595
87,18,108
87,19,720
87,20,31123
87,21,32568
87,22,39787
87,23,1398
87,24,36141
87,25,7974
87,26,33926
87,27,48581
87,28,48291
87,29,7223
87,30,8624
87,31,5863
87,32,6850
87,33,324
87,34,32577
87,35,35651
87,36,6298
87,37,1318
87,38,866
87,39,136
87,40,228
87,41,556
87,42,2142
87,43,619
87,44,107
87,45,169
87,46,508
87,47,434
87,48,861
87,49,515
87,50,36905
87,51,2085
87,52,2547
87,53,509
87,54,3997
87,55,388
87,56,863
87,57,346
87,58,854
87,59,602
87,60,12471
87,61,2113
87,62,575
87,63,5323
87,64,11015
87,65,2676
88,0,3901
88,1,39199
88,2,3811
88,3,5355
88,4,100694
88,5,3434
88,6,71318
88,7,103143
88,8,68482
88,9,4960
88,10,11846
88,11,4460
88,12,11796
88,13,12002
88,14,10451
88,15,4234
88,16,3339
88,17,10764
88,18,5576
88,19,14076
88,20,159786
88,21,182390
88,22,75359
88,23,78928
88,24,80873
88,25,90818
88,26,67057
88,27,339677
88,28,361164
88,29,199647
88,30,193366
88,31,155809
88,32,173961
88,33,7083
88,34,69732
88,35,94342
88,36,89542
88,37,18913
88,38,13263
88,39,5030
88,40,4171
88,41,9154
88,42,73831
88,43,13427
88,44,12504
88,45,3531
88,46,5284
88,47,4036
88,48,8933
88,49,4007
88,50,49174
88,51,39175
88,52,50622
88,53,4546
88,54,103796
88,55,6967
88,56,9391
88,57,3781
88,58,11037
88,59,2605
88,60,250884
88,61,26558
88,62,7702
88,63,122912
88,64,167324
88,65,55281
89,0,1324
89,1,13678
89,2,889
89,3,1285
89,4,142316
89,5,1618
89,6,167933
89,7,164072
89,8,23195
89,9,1786
89,10,4496
89,11,1417
89,12,4806
89,13,5105
89,14,3607
89,15,1289
89,16,891
89,17,4216
89,18,746
89,19,5010
89,20,210668
89,21,208465
89,22,200022
89,23,21838
89,24,163039
89,25,176872
89,26,118544
89,27,132096
89,28,289062
89,29,75645
89,30,86129
89,31,66380
89,32,71062
89,33,2490
89,34,173293
89,35,184408
89,36,69367
89,37,15930
89,38,5055
89,39,962
89,40,1719
89,41,2462
89,42,19545
89,43,4893
89,44,394
89,45,1165
89,46,1321
89,47,1197
89,48,2862
89,49,1263
89,50,170527
89,51,17398
89,52,18634
89,53,1866
89,54,46712
89,55,918
89,56,4060
89,57,1342
89,58,4414
89,59,7954
89,60,99638
89,61,14647
89,62,2018
89,63,51939
89,64,64318
89,65,18143
90,0,9332
90,1,103386
90,2,7828
90,3,12279
90,4,222423
90,5,7545
90,6,173778
90,7,126305
90,8,141675
90,9,13795
90,10,28466
90,11,9641
90,12,31355
90,13,39351
90,14,27447
90,15,9350
90,16,7147
90,17,27138
90,18,6530
90,19,32423
90,20,187116
90,21,272610
90,22,174722
90,23,82277
90,24,117490
90,25,147954
90,26,127016
90,27,596569
90,28,660688
90,29,351582
90,30,385458
90,31,300700
90,32,319037
90,33,17267
90,34,80626
90,35,79188
90,36,135240
90,37,49408
90,38,31146
90,39,11179
90,40,7937
90,41,21096
90,42,122295
90,43,32094
90,44,4783
90,45,9488
90,46,11968
90,47,8841
90,48,19511
90,49,9678
90,50,133004
90,51,94497
90,52,126947
90,53,12536
90,54,206516
90,55,6932
90,56,23749
90,57,8288
90,58,29165
90,59,4952
90,60,396993
90,61,71810
90,62,16183
90,63,216212
90,64,302695
90,65,147820
